{
  "timestamp": "20250930_184044",
  "configuration": {
    "num_calls": 10,
    "delay_between_calls": 1,
    "test_prompts": [
      "Give me a sentence of 5 words",
      "Write a simple greeting",
      "Count from 1 to 5",
      "Name three colors",
      "What is 2 + 2?"
    ]
  },
  "summary": {
    "total_calls": 10,
    "successful": 10,
    "empty": 0,
    "errors": 0,
    "success_rate": 100.0,
    "empty_rate": 0.0,
    "error_rate": 0.0,
    "total_time": "0:00:55.181906"
  },
  "details": {
    "empty_indices": [],
    "error_indices": [],
    "error_messages": [],
    "response_times": [
      7.7100746631622314,
      6.402860879898071,
      4.309500217437744,
      2.316211700439453,
      2.361177921295166,
      4.956089735031128,
      6.171042203903198,
      7.193499803543091,
      3.192152976989746,
      1.5581471920013428
    ],
    "sample_responses": [
      "The quick brown fox jumps.",
      "Hello! How can I help you today?",
      "1\n2\n3\n4\n5",
      "Red, green, blue.",
      "4",
      "Today is a beautiful day.",
      "Hello!",
      "1\n2\n3\n4\n5",
      "Red, blue, green.",
      "4"
    ]
  }
}